{
  "lag_samples": 2113,
  "cfo_hz": 0.004852147311284339,
  "phase_rad": 0.04137853905558586,
  "fc_hz": 868100000.0,
  "fs_hz": 2400000.0,
  "timestamp": "2026-02-03T19:49:02.159463+00:00",
  "capture_dir": "captures/run001"
}